Glyph;Weight;LKG;RKG;LSB;RSB;Width
A;Regular;@A;@A;32.0;32.0;813.0
Aacute;Regular;@A;@A;32.0;32.0;813.0
Abreve;Regular;@A;@A;32.0;32.0;813.0
Abreveacute;Regular;@A;@A;32.0;32.0;813.0
Abrevedotbelow;Regular;@A;@A;32.0;32.0;813.0
Abrevegrave;Regular;@A;@A;32.0;32.0;813.0
Abrevehookabove;Regular;@A;@A;32.0;32.0;813.0
Abrevetilde;Regular;@A;@A;32.0;32.0;813.0
Acircumflex;Regular;@A;@A;32.0;32.0;813.0
Acircumflexacute;Regular;@A;@A;32.0;32.0;813.0
Acircumflexdotbelow;Regular;@A;@A;32.0;32.0;813.0
Acircumflexgrave;Regular;@A;@A;32.0;32.0;813.0
Acircumflexhookabove;Regular;@A;@A;32.0;32.0;813.0
Acircumflextilde;Regular;@A;@A;32.0;32.0;813.0
Adblgrave;Regular;@A;@A;32.0;32.0;813.0
Adieresis;Regular;@A;@A;32.0;32.0;813.0
Adotbelow;Regular;@A;@A;32.0;32.0;813.0
Agrave;Regular;@A;@A;32.0;32.0;813.0
Ahookabove;Regular;@A;@A;32.0;32.0;813.0
Ainvertedbreve;Regular;@A;@A;32.0;32.0;813.0
Amacron;Regular;@A;@A;21.0;21.0;791.0
Aogonek;Regular;@A;@A;32.0;30.0;811.0
Aring;Regular;@A;@A;32.0;32.0;813.0
Aringacute;Regular;@A;@A;32.0;32.0;813.0
Atilde;Regular;@A;@A;32.0;32.0;813.0
AE;Regular;@A;@E;26.0;26.0;693.0
AEacute;Regular;@A;@E;26.0;26.0;693.0
B;Regular;@H;@B;79.0;41.0;403.0
C;Regular;@O;@C;47.0;63.0;703.0
Cacute;Regular;@O;@C;47.0;63.0;703.0
Ccaron;Regular;@O;@C;47.0;63.0;703.0
Ccedilla;Regular;@O;@C;47.0;63.0;703.0
Ccircumflex;Regular;@O;@C;47.0;63.0;703.0
Cdotaccent;Regular;@O;@C;47.0;63.0;703.0
D;Regular;@H;@O;79.0;47.0;532.0
DZcaron;Regular;@H;@Z;79.0;23.0;961.0
Eth;Regular;@H;@O;16.0;47.0;529.0
Dcaron;Regular;@H;@O;79.0;47.0;532.0
Dcroat;Regular;@H;@O;16.0;47.0;529.0
Dzcaron;Regular;@H;@z;79.0;26.0;897.0
E;Regular;@H;@E;79.0;26.0;374.0
Eacute;Regular;@H;@E;79.0;-2.0;374.0
Ebreve;Regular;@H;@E;79.0;21.0;374.0
Ecaron;Regular;@H;@E;79.0;-3.0;374.0
Ecircumflex;Regular;@H;@E;79.0;-3.0;374.0
Ecircumflexacute;Regular;@H;@E;79.0;-66.0;374.0
Ecircumflexdotbelow;Regular;@H;@E;79.0;-3.0;374.0
Ecircumflexgrave;Regular;@H;@E;20.0;15.0;374.0
Ecircumflexhookabove;Regular;@H;@E;79.0;-56.0;374.0
Ecircumflextilde;Regular;@H;@E;79.0;-3.0;374.0
Edblgrave;Regular;@H;@E;35.0;26.0;374.0
Edieresis;Regular;@H;@E;79.0;26.0;374.0
Edotaccent;Regular;@H;@E;79.0;26.0;374.0
Edotbelow;Regular;@H;@E;79.0;26.0;374.0
Egrave;Regular;@H;@E;79.0;26.0;374.0
Ehookabove;Regular;@H;@E;79.0;26.0;374.0
Einvertedbreve;Regular;@H;@E;79.0;20.0;374.0
Emacron;Regular;@H;@E;79.0;26.0;374.0
Eogonek;Regular;@H;@E;79.0;26.0;374.0
Etilde;Regular;@H;@E;79.0;23.0;374.0
F;Regular;@H;@F;79.0;26.0;372.0
G;Regular;@O;@G;47.0;56.0;696.0
Gbreve;Regular;@O;@G;47.0;56.0;696.0
Gcaron;Regular;@O;@G;47.0;56.0;696.0
Gcircumflex;Regular;@O;@G;47.0;56.0;696.0
Gcommaaccent;Regular;@O;@G;47.0;56.0;696.0
Gdotaccent;Regular;@O;@G;47.0;56.0;696.0
H;Regular;@H;@H;79.0;79.0;738.0
Hbar;Regular;@H;@H;21.0;20.0;732.0
Hcircumflex;Regular;@H;@H;79.0;79.0;738.0
I;Regular;@H;@H;84.0;84.0;201.0
IJ;Regular;@H;@J;84.0;79.0;495.0
Iacute;Regular;@H;@H;69.0;-49.0;201.0
Ibreve;Regular;@H;@H;-23.0;-26.0;201.0
Icircumflex;Regular;@H;@H;-45.0;-50.0;201.0
Idblgrave;Regular;@H;@H;-91.0;11.0;201.0
Idieresis;Regular;@H;@H;15.0;13.0;201.0
Idotaccent;Regular;@H;@H;68.0;63.0;201.0
Idotbelow;Regular;@H;@H;66.0;65.0;201.0
Igrave;Regular;@H;@H;-13.0;77.0;201.0
Ihookabove;Regular;@H;@H;8.0;8.0;201.0
Iinvertedbreve;Regular;@H;@H;-22.0;-27.0;201.0
Imacron;Regular;@H;@H;-16.0;-20.0;201.0
Iogonek;Regular;@H;@H;-2.0;84.0;197.0
Itilde;Regular;@H;@H;-59.0;-75.0;201.0
J;Regular;@J;@J;21.0;79.0;472.0
Jcircumflex;Regular;@J;@J;21.0;22.0;472.0
K;Regular;@H;@K;79.0;24.0;577.0
Kcommaaccent;Regular;@H;@K;79.0;24.0;577.0
L;Regular;@H;@L;79.0;21.0;365.0
LJ;Regular;@H;@J;79.0;79.0;837.0
Lacute;Regular;@H;@L;79.0;21.0;365.0
Lcaron;Regular;@H;@L;79.0;21.0;365.0
Lcommaaccent;Regular;@H;@L;79.0;21.0;365.0
Ldot;Regular;@H;@L;79.0;17.0;361.0
Lj;Regular;@H;@j;79.0;68.0;595.0
Lslash;Regular;@H;@L;0.0;21.0;374.0
M;Regular;@M;@M;76.0;79.0;927.0
N;Regular;@H;@H;79.0;79.0;739.0
NJ;Regular;@H;@J;79.0;79.0;1211.0
Nacute;Regular;@N;@N;79.0;79.0;739.0
Ncaron;Regular;@N;@N;79.0;79.0;739.0
Ncommaaccent;Regular;@N;@N;79.0;79.0;739.0
Eng;Regular;@H;@H;79.0;79.0;739.0
Nj;Regular;@H;@j;79.0;68.0;969.0
Ntilde;Regular;@N;@N;79.0;79.0;739.0
O;Regular;@O;@O;47.0;47.0;874.0
Oacute;Regular;@O;@O;47.0;47.0;874.0
Obreve;Regular;@O;@O;47.0;47.0;874.0
Ocircumflex;Regular;@O;@O;47.0;47.0;874.0
Ocircumflexacute;Regular;@O;@O;47.0;47.0;874.0
Ocircumflexdotbelow;Regular;@O;@O;47.0;47.0;874.0
Ocircumflexgrave;Regular;@O;@O;47.0;47.0;874.0
Ocircumflexhookabove;Regular;@O;@O;47.0;47.0;874.0
Ocircumflextilde;Regular;@O;@O;47.0;47.0;874.0
Odblgrave;Regular;@O;@O;47.0;47.0;874.0
Odieresis;Regular;@O;@O;47.0;47.0;874.0
Odieresismacron;Regular;@O;@O;47.0;47.0;874.0
Odotaccentmacron;Regular;@O;@O;47.0;47.0;874.0
Odotbelow;Regular;@O;@O;47.0;47.0;874.0
Ograve;Regular;@O;@O;47.0;47.0;874.0
Ohookabove;Regular;@O;@O;47.0;47.0;874.0
Ohorn;Regular;@O;@O;47.0;47.0;874.0
Ohornacute;Regular;@O;@O;47.0;47.0;874.0
Ohorndotbelow;Regular;@O;@O;47.0;47.0;874.0
Ohorngrave;Regular;@O;@O;47.0;47.0;874.0
Ohornhookabove;Regular;@O;@O;47.0;47.0;874.0
Ohorntilde;Regular;@O;@O;47.0;47.0;874.0
Ohungarumlaut;Regular;@O;@O;47.0;47.0;874.0
Oinvertedbreve;Regular;@O;@O;47.0;47.0;874.0
Omacron;Regular;@O;@O;47.0;47.0;874.0
Oogonek;Regular;@O;@O;47.0;47.0;874.0
Oslash;Regular;@O;@O;49.0;56.0;885.0
Oslashacute;Regular;@O;@O;49.0;56.0;885.0
Otilde;Regular;@O;@O;47.0;47.0;874.0
Otildemacron;Regular;@O;@O;47.0;47.0;874.0
OE;Regular;@O;@E;53.0;37.0;764.0
P;Regular;@H;@P;78.0;35.0;396.0
Thorn;Regular;@H;@P;79.0;53.0;417.0
Q;Regular;@O;@O;49.0;45.0;874.0
R;Regular;@H;@R;79.0;32.0;413.0
Racute;Regular;@H;@R;79.0;32.0;413.0
Rcaron;Regular;@H;@R;24.0;32.0;413.0
Rcommaaccent;Regular;@H;@R;79.0;32.0;413.0
Rdblgrave;Regular;@H;@R;-22.0;32.0;413.0
Rinvertedbreve;Regular;@H;@R;47.0;32.0;413.0
S;Regular;@S;@S;42.0;42.0;502.0
Sacute;Regular;@S;@S;42.0;42.0;502.0
Scaron;Regular;@S;@S;42.0;42.0;502.0
Scedilla;Regular;@S;@S;42.0;42.0;502.0
Scircumflex;Regular;@S;@S;42.0;42.0;502.0
Scommaaccent;Regular;@S;@S;42.0;42.0;502.0
Germandbls;Regular;@H;@B;79.0;41.0;530.0
Schwa;Regular;@Schwa-cy;@O;53.0;47.0;727.0
T;Regular;@T;@T;21.0;21.0;419.0
Tbar;Regular;@T;@T;21.0;21.0;419.0
Tcaron;Regular;@T;@T;21.0;21.0;419.0
Tcedilla;Regular;@T;@T;21.0;21.0;419.0
Tcommaaccent;Regular;@T;@T;21.0;21.0;419.0
U;Regular;@U;@U;79.0;79.0;605.0
Uacute;Regular;@U;@U;79.0;79.0;605.0
Ubreve;Regular;@U;@U;79.0;79.0;605.0
Ucircumflex;Regular;@U;@U;79.0;79.0;605.0
Udblgrave;Regular;@U;@U;79.0;79.0;605.0
Udieresis;Regular;@U;@U;79.0;79.0;605.0
Udotbelow;Regular;@U;@U;79.0;79.0;605.0
Ugrave;Regular;@U;@U;79.0;79.0;605.0
Uhookabove;Regular;@U;@U;79.0;79.0;605.0
Uhorn;Regular;@U;@U;79.0;10.0;654.0
Uhornacute;Regular;@U;@U;79.0;10.0;654.0
Uhorndotbelow;Regular;@U;@U;79.0;10.0;654.0
Uhorngrave;Regular;@U;@U;79.0;10.0;654.0
Uhornhookabove;Regular;@U;@U;79.0;10.0;654.0
Uhorntilde;Regular;@U;@U;79.0;10.0;654.0
Uhungarumlaut;Regular;@U;@U;79.0;79.0;605.0
Uinvertedbreve;Regular;@U;@U;79.0;79.0;605.0
Umacron;Regular;@U;@U;79.0;79.0;605.0
Uogonek;Regular;@U;@U;79.0;79.0;605.0
Uring;Regular;@U;@U;79.0;79.0;605.0
Utilde;Regular;@U;@U;79.0;79.0;605.0
V;Regular;@V;@V;0.0;0.0;686.0
W;Regular;@V;@V;0.0;0.0;980.0
Wacute;Regular;@V;@V;0.0;0.0;980.0
Wcircumflex;Regular;@V;@V;0.0;0.0;980.0
Wdieresis;Regular;@V;@V;0.0;0.0;980.0
Wgrave;Regular;@V;@V;0.0;0.0;980.0
X;Regular;@X;@X;19.0;21.0;487.0
Y;Regular;@Y;@Y;0.0;0.0;484.0
Yacute;Regular;@Y;@Y;0.0;0.0;484.0
Ycircumflex;Regular;@Y;@Y;0.0;0.0;484.0
Ydieresis;Regular;@Y;@Y;0.0;0.0;484.0
Ydotbelow;Regular;@Y;@Y;0.0;0.0;484.0
Ygrave;Regular;@Y;@Y;0.0;0.0;484.0
Yhookabove;Regular;@Y;@Y;0.0;0.0;484.0
Ymacron;Regular;@Y;@Y;0.0;0.0;484.0
Ytilde;Regular;@Y;@Y;0.0;0.0;484.0
Z;Regular;@Z;@Z;26.0;23.0;429.0
Zacute;Regular;@Z;@Z;26.0;23.0;429.0
Zcaron;Regular;@Z;@Z;26.0;23.0;429.0
Zdotaccent;Regular;@Z;@Z;26.0;23.0;429.0
Abrevehookabove.001;Regular;@A;@A;32.0;32.0;813.0
Acircumflexhookabove.001;Regular;@A;@A;32.0;32.0;813.0
Ahookabove.001;Regular;@A;@A;32.0;32.0;813.0
Ecircumflexhookabove.001;Regular;@H;@E;79.0;-56.0;374.0
Ehookabove.001;Regular;@H;@E;79.0;26.0;374.0
Ihookabove.001;Regular;@H;@H;8.0;8.0;201.0
Ocircumflexhookabove.001;Regular;@O;@O;47.0;47.0;874.0
Ohookabove.001;Regular;@O;@O;47.0;47.0;874.0
Ohornhookabove.001;Regular;@O;@O;47.0;47.0;874.0
Uhookabove.001;Regular;@U;@U;79.0;79.0;605.0
Uhornhookabove.001;Regular;@U;@U;79.0;10.0;654.0
Yhookabove.001;Regular;@Y;@Y;0.0;0.0;484.0
a;Regular;@a;@n;37.0;63.0;574.0
aacute;Regular;@a;@n;37.0;63.0;574.0
abreve;Regular;@a;@n;37.0;63.0;574.0
abreveacute;Regular;@a;@n;37.0;63.0;574.0
abrevedotbelow;Regular;@a;@n;37.0;63.0;574.0
abrevegrave;Regular;@a;@n;37.0;63.0;574.0
abrevehookabove;Regular;@a;@n;37.0;63.0;574.0
abrevetilde;Regular;@a;@n;37.0;63.0;574.0
acircumflex;Regular;@a;@n;37.0;63.0;574.0
acircumflexacute;Regular;@a;@n;37.0;63.0;574.0
acircumflexdotbelow;Regular;@a;@n;37.0;63.0;574.0
acircumflexgrave;Regular;@a;@n;37.0;63.0;574.0
acircumflexhookabove;Regular;@a;@n;37.0;63.0;574.0
acircumflextilde;Regular;@a;@n;37.0;63.0;574.0
adblgrave;Regular;@a;@n;37.0;63.0;574.0
adieresis;Regular;@a;@n;37.0;63.0;574.0
adotbelow;Regular;@a;@n;37.0;63.0;574.0
agrave;Regular;@a;@n;37.0;63.0;574.0
ahookabove;Regular;@a;@n;37.0;63.0;574.0
ainvertedbreve;Regular;@a;@n;37.0;63.0;574.0
amacron;Regular;@a;@n;37.0;63.0;574.0
aogonek;Regular;@a;@n;37.0;61.0;572.0
aring;Regular;@a;@n;37.0;63.0;574.0
aringacute;Regular;@a;@n;37.0;63.0;574.0
atilde;Regular;@a;@n;37.0;63.0;574.0
ae;Regular;@a;@e;37.0;37.0;936.0
aeacute;Regular;@a;@e;37.0;37.0;936.0
b;Regular;@h;@o;63.0;37.0;574.0
c;Regular;@o;@c;37.0;26.0;479.0
cacute;Regular;@o;@c;37.0;26.0;479.0
ccaron;Regular;@o;@c;37.0;26.0;479.0
ccedilla;Regular;@o;@c;37.0;26.0;479.0
ccircumflex;Regular;@o;@c;37.0;26.0;479.0
cdotaccent;Regular;@o;@c;37.0;26.0;479.0
d;Regular;@o;@l;37.0;63.0;574.0
eth;Regular;@o;@o;37.0;37.0;550.0
dcaron;Regular;@o;@l;37.0;10.0;636.0
dcroat;Regular;@o;@l;37.0;20.0;598.0
dzcaron;Regular;@o;@z;37.0;26.0;939.0
e;Regular;@o;@e;42.0;37.0;499.0
eacute;Regular;@o;@e;42.0;37.0;499.0
ebreve;Regular;@o;@e;42.0;37.0;499.0
ecaron;Regular;@o;@e;42.0;37.0;499.0
ecircumflex;Regular;@o;@e;42.0;37.0;499.0
ecircumflexacute;Regular;@o;@e;42.0;18.0;499.0
ecircumflexdotbelow;Regular;@o;@e;42.0;37.0;499.0
ecircumflexgrave;Regular;@o;@e;42.0;37.0;499.0
ecircumflexhookabove;Regular;@o;@e;42.0;28.0;499.0
ecircumflextilde;Regular;@o;@e;42.0;37.0;499.0
edblgrave;Regular;@o;@e;42.0;37.0;499.0
edieresis;Regular;@o;@e;42.0;37.0;499.0
edotaccent;Regular;@o;@e;42.0;37.0;499.0
edotbelow;Regular;@o;@e;42.0;37.0;499.0
egrave;Regular;@o;@e;42.0;37.0;499.0
ehookabove;Regular;@o;@e;42.0;37.0;499.0
einvertedbreve;Regular;@o;@e;42.0;37.0;499.0
emacron;Regular;@o;@e;42.0;37.0;499.0
eogonek;Regular;@o;@e;42.0;37.0;499.0
etilde;Regular;@o;@e;42.0;37.0;499.0
f;Regular;@f;@f;63.0;22.0;256.0
g;Regular;@g;@g;37.0;63.0;575.0
gbreve;Regular;@g;@g;37.0;63.0;575.0
gcaron;Regular;@g;@g;37.0;63.0;575.0
gcircumflex;Regular;@g;@g;37.0;63.0;575.0
gcommaaccent;Regular;@g;@g;37.0;63.0;575.0
gdotaccent;Regular;@g;@g;37.0;63.0;575.0
h;Regular;@h;@n;63.0;63.0;530.0
hbar;Regular;@h;@n;0.0;60.0;562.0
hcircumflex;Regular;@h;@n;17.0;63.0;530.0
i;Regular;@i;@i;67.0;67.0;204.0
idotless;Regular;@i;@i;77.0;77.0;186.0
iacute;Regular;@i;@i;71.0;0.0;202.0
ibreve;Regular;@i;@i;-4.0;-10.0;186.0
icircumflex;Regular;@i;@i;-35.0;-35.0;186.0
idblgrave;Regular;@i;@i;-62.0;6.0;186.0
idieresis;Regular;@i;@i;12.2507991791;10.7552022934;186.0
idotaccent;Regular;@i;@i;58.0;58.0;186.0
idotbelow;Regular;@i;@i;67.0;67.0;204.0
igrave;Regular;@i;@i;-17.0;66.0;186.0
ihookabove;Regular;@i;@i;-2.0;3.0;186.0
iinvertedbreve;Regular;@i;@i;-19.0;-5.0;186.0
ij;Regular;@i;@i;67.0;68.0;394.0
imacron;Regular;@i;@i;3.99999880791;4.70000600815;186.0
iogonek;Regular;@i;@i;46.0;22.0;186.0
itilde;Regular;@i;@i;-26.4000015259;-17.0999927521;186.0
j;Regular;@j;@i;-32.0;68.0;230.0
jdotless;Regular;@j;@i;-32.0;88.0;230.0
jcircumflex;Regular;@j;@i;-32.0;-22.0;230.0
k;Regular;@h;@k;63.0;10.0;376.0
kcommaaccent;Regular;@h;@k;63.0;10.0;376.0
kgreenlandic;Regular;@n;@k;75.0;10.0;388.0
l;Regular;@h;@l;63.0;21.0;255.0
lacute;Regular;@h;@l;63.0;-21.0;255.0
lcaron;Regular;@h;@l;63.0;21.0;255.0
lcommaaccent;Regular;@h;@l;63.0;21.0;255.0
ldot;Regular;@h;@l;63.0;58.0;295.0
lj;Regular;@l;@j;63.0;68.0;365.0
lslash;Regular;@l;@l;8.0;23.0;283.0
m;Regular;@n;@n;63.0;63.0;752.0
n;Regular;@n;@n;63.0;63.0;530.0
nacute;Regular;@n;@n;63.0;63.0;530.0
napostrophe;Regular;@n;@n;62.0;63.0;530.0
ncaron;Regular;@n;@n;63.0;63.0;530.0
ncommaaccent;Regular;@n;@n;63.0;63.0;530.0
eng;Regular;@n;@j;63.0;63.0;530.0
nj;Regular;@n;@j;63.0;68.0;710.0
ntilde;Regular;@n;@n;63.0;63.0;530.0
o;Regular;@o;@o;37.0;37.0;550.0
oacute;Regular;@o;@o;37.0;37.0;550.0
obreve;Regular;@o;@o;37.0;37.0;550.0
ocircumflex;Regular;@o;@o;37.0;37.0;550.0
ocircumflexacute;Regular;@o;@o;37.0;37.0;550.0
ocircumflexdotbelow;Regular;@o;@o;37.0;37.0;550.0
ocircumflexgrave;Regular;@o;@o;37.0;37.0;550.0
ocircumflexhookabove;Regular;@o;@o;37.0;37.0;550.0
ocircumflextilde;Regular;@o;@o;37.0;37.0;550.0
odblgrave;Regular;@o;@o;37.0;37.0;550.0
odieresis;Regular;@o;@o;37.0;37.0;550.0
odieresismacron;Regular;@o;@o;37.0;37.0;550.0
odotaccentmacron;Regular;@o;@o;37.0;37.0;550.0
odotbelow;Regular;@o;@o;37.0;37.0;550.0
ograve;Regular;@o;@o;37.0;37.0;550.0
ohookabove;Regular;@o;@o;37.0;37.0;550.0
ohorn;Regular;@o;@o;37.0;37.0;550.0
ohornacute;Regular;@o;@o;37.0;37.0;550.0
ohorndotbelow;Regular;@o;@o;37.0;37.0;550.0
ohorngrave;Regular;@o;@o;37.0;37.0;550.0
ohornhookabove;Regular;@o;@o;37.0;37.0;550.0
ohorntilde;Regular;@o;@o;37.0;37.0;550.0
ohungarumlaut;Regular;@o;@o;37.0;37.0;550.0
oinvertedbreve;Regular;@o;@o;37.0;37.0;550.0
omacron;Regular;@o;@o;37.0;37.0;550.0
oogonek;Regular;@o;@o;37.0;37.0;550.0
oslash;Regular;@o;@o;39.0;45.0;560.0
oslashacute;Regular;@o;@o;39.0;45.0;560.0
otilde;Regular;@o;@o;37.0;37.0;550.0
otildemacron;Regular;@o;@o;37.0;37.0;550.0
oe;Regular;@o;@e;58.0;37.0;825.0
p;Regular;@p;@o;63.0;37.0;574.0
thorn;Regular;@h;@o;79.0;42.0;595.0
q;Regular;@o;@q;37.0;63.0;574.0
r;Regular;@n;@r;63.0;16.0;320.0
racute;Regular;@n;@r;63.0;-7.0;320.0
rcaron;Regular;@n;@r;56.0;8.0;320.0
rcommaaccent;Regular;@n;@r;63.0;16.0;320.0
rdblgrave;Regular;@n;@r;-10.0;16.0;320.0
rinvertedbreve;Regular;@n;@r;63.0;16.0;320.0
s;Regular;@s;@s;34.0;37.0;348.0
sacute;Regular;@s;@s;34.0;31.0;348.0
scaron;Regular;@s;@s;34.0;37.0;348.0
scedilla;Regular;@s;@s;34.0;37.0;348.0
scircumflex;Regular;@s;@s;34.0;37.0;348.0
scommaaccent;Regular;@s;@s;34.0;37.0;348.0
germandbls;Regular;@h;@germandbls;79.0;42.0;495.0
schwa;Regular;@o;@o;37.0;42.0;499.0
t;Regular;@t;@t;53.0;21.0;245.0
tbar;Regular;@t;@t;0.0;28.0;252.0
tcaron;Regular;@t;@t;53.0;21.0;245.0
tcedilla;Regular;@t;@t;53.0;21.0;245.0
tcommaaccent;Regular;@t;@t;53.0;21.0;245.0
u;Regular;@u;@u;63.0;63.0;530.0
uacute;Regular;@u;@u;63.0;63.0;530.0
ubreve;Regular;@u;@u;63.0;63.0;530.0
ucircumflex;Regular;@u;@u;63.0;63.0;530.0
udblgrave;Regular;@u;@u;63.0;63.0;530.0
udieresis;Regular;@u;@u;63.0;63.0;530.0
udotbelow;Regular;@u;@u;63.0;63.0;530.0
ugrave;Regular;@u;@u;63.0;63.0;530.0
uhookabove;Regular;@u;@u;63.0;63.0;530.0
uhorn;Regular;@u;@u;63.0;-15.0;570.0
uhornacute;Regular;@u;@u;63.0;-15.0;570.0
uhorndotbelow;Regular;@u;@u;63.0;0.0;585.0
uhorngrave;Regular;@u;@u;63.0;-15.0;570.0
uhornhookabove;Regular;@u;@u;63.0;-15.0;570.0
uhorntilde;Regular;@u;@u;63.0;-15.0;570.0
uhungarumlaut;Regular;@u;@u;63.0;63.0;530.0
uinvertedbreve;Regular;@u;@u;63.0;63.0;530.0
umacron;Regular;@u;@u;63.0;63.0;530.0
uogonek;Regular;@u;@u;63.0;63.0;530.0
uring;Regular;@u;@u;63.0;63.0;530.0
utilde;Regular;@u;@u;63.0;63.0;530.0
v;Regular;@v;@v;5.0;5.0;453.0
w;Regular;@v;@v;5.0;5.0;644.0
wacute;Regular;@v;@v;5.0;5.0;644.0
wcircumflex;Regular;@v;@v;5.0;5.0;644.0
wdieresis;Regular;@v;@v;5.0;5.0;644.0
wgrave;Regular;@v;@v;5.0;5.0;644.0
x;Regular;@x;@x;22.0;18.0;435.0
y;Regular;@y;@y;53.0;53.0;510.0
yacute;Regular;@y;@y;53.0;53.0;510.0
ycircumflex;Regular;@y;@y;53.0;53.0;510.0
ydieresis;Regular;@y;@y;53.0;53.0;510.0
ydotbelow;Regular;@y;@y;53.0;0.0;552.0
ygrave;Regular;@y;@y;53.0;53.0;510.0
yhookabove;Regular;@y;@y;53.0;53.0;510.0
ymacron;Regular;@y;@y;53.0;53.0;510.0
ytilde;Regular;@y;@y;53.0;53.0;510.0
z;Regular;@z;@z;26.0;26.0;365.0
zacute;Regular;@z;@z;26.0;26.0;365.0
zcaron;Regular;@z;@z;26.0;26.0;365.0
zdotaccent;Regular;@z;@z;26.0;26.0;365.0
abrevehookabove.001;Regular;@a;@n;37.0;63.0;574.0
acircumflexhookabove.001;Regular;@a;@n;37.0;63.0;574.0
ahookabove.001;Regular;@a;@n;37.0;63.0;574.0
ecircumflexhookabove.001;Regular;@o;@e;42.0;28.0;499.0
ehookabove.001;Regular;@o;@e;42.0;37.0;499.0
ihookabove.001;Regular;@i;@i;-2.0;3.0;186.0
ocircumflexhookabove.001;Regular;@o;@o;37.0;37.0;550.0
ohookabove.001;Regular;@o;@o;37.0;37.0;550.0
ohornhookabove.001;Regular;@o;@o;37.0;37.0;550.0
uhookabove.001;Regular;@u;@u;63.0;63.0;530.0
uhornhookabove.001;Regular;@u;@u;63.0;-15.0;570.0
yhookabove.001;Regular;@y;@y;53.0;53.0;510.0
f_f;Regular;@f;@f;63.0;22.0;492.0
f_f_i;Regular;@f;@i;63.0;67.0;666.0
f_f_ij;Regular;@f;@j;63.0;68.0;837.0
f_f_l;Regular;@f;@l;63.0;21.0;727.0
f_ij;Regular;@f;@j;63.0;68.0;604.0
fi;Regular;@f;@i;63.0;54.0;416.0
fl;Regular;@f;@l;63.0;38.0;508.0
ordfeminine;Regular;@ordfeminine;@ordfeminine;38.0;67.0;513.0
ordmasculine;Regular;@ordfeminine;@ordmasculine;40.0;40.0;490.0
A-cy;Regular;@A;@A;32.0;32.0;813.0
Be-cy;Regular;@H;@Be-cy;75.0;35.0;393.0
Ve-cy;Regular;@H;@B;79.0;41.0;403.0
Ge-cy;Regular;@H;@Ge-cy;75.0;25.0;367.0
Gje-cy;Regular;@H;@Ge-cy;75.0;-34.0;367.0
Gheupturn-cy;Regular;@H;@Ge-cy;75.0;25.0;367.0
De-cy;Regular;@De-cy;@De-cy;35.0;35.0;895.0
Ie-cy;Regular;@H;@E;79.0;26.0;374.0
Iegrave-cy;Regular;@H;@E;79.0;26.0;374.0
Io-cy;Regular;@H;@E;79.0;26.0;374.0
Zhe-cy;Regular;@X;@K;30.0;29.0;918.0
Ze-cy;Regular;@Ze-cy;@B;35.0;41.0;536.0
Ii-cy;Regular;@H;@H;75.0;75.0;737.0
Iishort-cy;Regular;@H;@H;75.0;75.0;737.0
Iigrave-cy;Regular;@H;@H;75.0;75.0;737.0
Ka-cy;Regular;@H;@K;79.0;24.0;577.0
Kje-cy;Regular;@H;@K;79.0;24.0;577.0
El-cy;Regular;@El-cy;@El-cy;10.0;10.0;726.0
Em-cy;Regular;@H;@H;76.0;79.0;927.0
En-cy;Regular;@H;@H;79.0;79.0;738.0
O-cy;Regular;@O;@O;47.0;47.0;874.0
Pe-cy;Regular;@H;@H;75.0;75.0;622.0
Er-cy;Regular;@H;@P;78.0;35.0;396.0
Es-cy;Regular;@O;@C;47.0;63.0;703.0
Te-cy;Regular;@T;@T;21.0;21.0;419.0
U-cy;Regular;@U-cy;@V;0.0;0.0;621.0
Ushort-cy;Regular;@U-cy;@V;0.0;0.0;621.0
Ef-cy;Regular;@O;@O;50.0;50.0;847.0
Ha-cy;Regular;@X;@X;19.0;21.0;487.0
Che-cy;Regular;@Che-cy;@H;60.0;79.0;586.0
Tse-cy;Regular;@H;@Tse-cy;75.0;25.0;648.0
Sha-cy;Regular;@H;@H;79.0;79.0;882.0
Shcha-cy;Regular;@H;@Tse-cy;79.0;35.0;916.0
Dzhe-cy;Regular;@H;@H;75.0;75.0;621.0
Softsign-cy;Regular;@H;@Softsign-cy;75.0;50.0;393.0
Hardsign-cy;Regular;@T;@Softsign-cy;25.0;50.0;468.0
Yeru-cy;Regular;@H;@H;75.0;75.0;542.0
Lje-cy;Regular;@El-cy;@Softsign-cy;10.0;50.0;988.0
Nje-cy;Regular;@H;@Softsign-cy;79.0;50.0;766.0
Dze-cy;Regular;@S;@S;42.0;42.0;502.0
E-cy;Regular;@O;@C;47.0;38.0;678.0
Ereversed-cy;Regular;@Ereversed-cy;@O;38.0;47.0;678.0
I-cy;Regular;@H;@H;84.0;84.0;201.0
Yi-cy;Regular;@H;@H;15.0;13.0;201.0
Je-cy;Regular;@J;@J;21.0;79.0;472.0
Tshe-cy;Regular;@T;@Tshe-cy;21.0;60.0;678.0
Iu-cy;Regular;@H;@O;79.0;47.0;1122.0
Ia-cy;Regular;@Ia-cy;@H;35.0;79.0;410.0
Dje-cy;Regular;@T;@Tshe-cy;21.0;60.0;637.0
Yat-cy;Regular;@H;@Softsign-cy;0.0;50.0;393.0
Yusbig-cy;Regular;@X;@X;25.0;25.0;918.0
Fita-cy;Regular;@O;@O;47.0;43.0;870.0
Izhitsa-cy;Regular;@V;@V;0.0;0.0;766.0
Ghestroke-cy;Regular;@H;@Ge-cy;21.0;25.0;388.0
Ghemiddlehook-cy;Regular;@H;@Tshe-cy;79.0;60.0;545.0
Zhedescender-cy;Regular;@X;@Kadescender-cy;30.0;0.0;929.0
Zedescender-cy;Regular;@Ze-cy;@B;35.0;41.0;536.0
Kadescender-cy;Regular;@H;@Kadescender-cy;79.0;-8.0;577.0
Kaverticalstroke-cy;Regular;@H;@K;79.0;24.0;677.0
Kastroke-cy;Regular;@H;@K;21.0;24.0;628.0
Kabashkir-cy;Regular;@T;@K;21.0;24.0;704.0
Endescender-cy;Regular;@H;@Tse-cy;79.0;25.0;757.0
Pemiddlehook-cy;Regular;@H;@Tshe-cy;79.0;60.0;984.0
Pedescender-cy;Regular;@H;@Tse-cy;79.0;25.0;653.0
Haabkhasian-cy;Regular;@O;@O;47.0;47.0;992.0
Esdescender-cy;Regular;@O;@C;47.0;63.0;703.0
Tedescender-cy;Regular;@T;@T;21.0;21.0;419.0
Ustrait-cy;Regular;@Y;@Y;0.0;0.0;484.0
Ustraitstroke-cy;Regular;@Y;@Y;0.0;0.0;484.0
Hadescender-cy;Regular;@X;@Kadescender-cy;19.0;-33.0;487.0
Chedescender-cy;Regular;@Che-cy;@Tse-cy;60.0;18.0;586.0
Cheverticalstroke-cy;Regular;@Che-cy;@H;60.0;79.0;586.0
Shha-cy;Regular;@H;@Tshe-cy;79.0;60.0;586.0
Cheabkhasian-cy;Regular;@Cheabkhasian-cy;@C;3.0;63.0;789.0
Palochka-cy;Regular;@H;@H;84.0;84.0;201.0
Zhebreve-cy;Regular;@X;@X;30.0;29.0;918.0
Chekhakassian-cy;Regular;@Che-cy;@H;60.0;75.0;582.0
Abreve-cy;Regular;@A;@A;32.0;32.0;813.0
Adieresis-cy;Regular;@A;@A;32.0;32.0;813.0
Iebreve-cy;Regular;@H;@E;62.0;23.0;374.0
Schwa-cy;Regular;@Ereversed-cy;@O;53.0;47.0;727.0
Zhedieresis-cy;Regular;@X;@K;30.0;29.0;918.0
Zedieresis-cy;Regular;@Ze-cy;@B;35.0;41.0;536.0
Dzeabkhasian-cy;Regular;@Ze-cy;@B;35.0;41.0;546.0
Imacron-cy;Regular;@H;@H;75.0;75.0;737.0
Idieresis-cy;Regular;@H;@H;75.0;75.0;737.0
Odieresis-cy;Regular;@O;@O;47.0;47.0;874.0
Obarred-cy;Regular;@O;@O;47.0;43.0;870.0
Umacron-cy;Regular;@v;@v;5.0;5.0;470.0
Udieresis-cy;Regular;@U-cy;@V;0.0;0.0;621.0
Uhungarumlaut-cy;Regular;@U-cy;@V;0.0;0.0;621.0
Chedieresis-cy;Regular;@Che-cy;@H;60.0;79.0;586.0
Gedescender-cy;Regular;@H;@Ge-cy;75.0;25.0;367.0
Yerudieresis-cy;Regular;@H;@H;75.0;75.0;542.0
Qa-cy;Regular;@O;@O;49.0;45.0;874.0
We-cy;Regular;@V;@V;0.0;0.0;980.0
Ef-cy.loclBGR;Regular;@O;@O;47.0;47.0;874.0
Ghestroke-cy.loclBSH;Regular;@H;@F;79.0;26.0;372.0
Zedescender-cy.loclBSH;Regular;@Ze-cy;@B;35.0;41.0;536.0
Esdescender-cy.loclBSH;Regular;@O;@C;47.0;63.0;703.0
Esdescender-cy.loclCHU;Regular;@O;@C;47.0;63.0;703.0
Lje-cy.ss01;Regular;@El-cy.sso1;@Softsign-cy;20.0;50.0;774.0
El-cy.sso1;Regular;@El-cy.sso1;@H;20.0;79.0;586.0
De-cy.loclBGR;Regular;@De-cy;@Tse-cy;35.0;35.0;895.0
Ii-cy.loclBGR;Regular;@H;@H;75.0;75.0;737.0
Iishort-cy.loclBGR;Regular;@H;@H;75.0;75.0;737.0
Iigrave-cy.loclBGR;Regular;@H;@H;75.0;75.0;737.0
El-cy.loclBGR;Regular;@El-cy;@H;10.0;10.0;726.0
a-cy;Regular;@a;@n;37.0;63.0;574.0
be-cy;Regular;@be-cy;@o;57.0;38.0;571.0
ve-cy;Regular;@n;@ve-cy;75.0;37.0;367.0
ge-cy;Regular;@n;@ge-cy;75.0;10.0;284.0
gje-cy;Regular;@n;@ge-cy;75.0;-45.0;284.0
gheupturn-cy;Regular;@n;@ge-cy;75.0;25.0;299.0
de-cy;Regular;@de-cy;@de-cy;23.0;25.0;536.0
ie-cy;Regular;@o;@e;42.0;37.0;499.0
iegrave-cy;Regular;@o;@e;42.0;37.0;499.0
io-cy;Regular;@o;@e;42.0;37.0;499.0
zhe-cy;Regular;@x;@x;5.0;5.0;576.0
ze-cy;Regular;@ze-cy;@ve-cy;20.0;40.0;348.0
ii-cy;Regular;@n;@u;75.0;75.0;533.0
iishort-cy;Regular;@n;@u;75.0;75.0;533.0
iigrave-cy;Regular;@n;@u;75.0;75.0;533.0
ka-cy;Regular;@n;@k;75.0;10.0;388.0
kje-cy;Regular;@n;@k;75.0;10.0;388.0
el-cy;Regular;@el-cy;@el-cy;10.0;10.0;463.0
em-cy;Regular;@n;@u;75.0;75.0;613.0
en-cy;Regular;@n;@n;75.0;75.0;519.0
o-cy;Regular;@o;@o;37.0;37.0;550.0
pe-cy;Regular;@n;@u;75.0;75.0;512.0
er-cy;Regular;@p;@o;63.0;37.0;574.0
es-cy;Regular;@o;@c;37.0;26.0;479.0
te-cy;Regular;@te-cy;@te-cy;15.0;15.0;406.0
u-cy;Regular;@v;@v;5.0;5.0;470.0
ushort-cy;Regular;@v;@v;5.0;5.0;470.0
ef-cy;Regular;@o;@o;40.0;40.0;601.0
ha-cy;Regular;@x;@x;22.0;18.0;435.0
che-cy;Regular;@che-cy;@u;40.0;75.0;436.0
tse-cy;Regular;@n;@tse-cy;75.0;25.0;533.0
sha-cy;Regular;@n;@u;75.0;75.0;694.0
shcha-cy;Regular;@n;@tse-cy;75.0;25.0;718.0
dzhe-cy;Regular;@n;@u;75.0;75.0;510.0
softsign-cy;Regular;@n;@softsign-cy;75.0;40.0;342.0
hardsign-cy;Regular;@te-cy;@softsign-cy;25.0;40.0;406.0
yeru-cy;Regular;@n;@u;75.0;75.0;497.0
lje-cy;Regular;@el-cy;@softsign-cy;10.0;40.0;656.0
nje-cy;Regular;@n;@softsign-cy;63.0;40.0;591.0
dze-cy;Regular;@s;@s;40.0;40.0;357.0
e-cy;Regular;@o;@c;40.0;35.0;491.0
ereversed-cy;Regular;@ereversed-cy;@o;30.0;40.0;486.0
i-cy;Regular;@i;@i;67.0;67.0;204.0
yi-cy;Regular;@i;@i;12.2507991791;10.7552022934;186.0
je-cy;Regular;@j;@i;-32.0;68.0;230.0
tshe-cy;Regular;@h;@h;0.0;63.0;552.0
iu-cy;Regular;@n;@o;75.0;40.0;736.0
ia-cy;Regular;@ia-cy;@u;40.0;75.0;328.0
dje-cy;Regular;@h;@h;0.0;62.9902420044;552.0
yat-cy;Regular;@h;@softsign-cy;0.0;40.0;342.0
yusbig-cy;Regular;@x;@x;25.0;25.0;616.0
fita-cy;Regular;@o;@o;37.0;33.0;546.0
izhitsa-cy;Regular;@v;@v;25.0;-10.0;483.0
ghestroke-cy;Regular;@n;@ge-cy;20.0;10.0;284.0
ghemiddlehook-cy;Regular;@n;@middlehook-cy;75.0;63.0;513.0
zhedescender-cy;Regular;@x;@kadescender-cy;5.0;0.0;637.0
zedescender-cy;Regular;@ze-cy;@ve-cy;20.0;50.0;358.0
kadescender-cy;Regular;@n;@kadescender-cy;75.0;-20.0;386.0
kaverticalstroke-cy;Regular;@n;@k;75.0;10.0;476.0
kastroke-cy;Regular;@h;@k;0.0;10.0;376.0
kabashkir-cy;Regular;@te-cy;@k;15.0;25.0;472.0
endescender-cy;Regular;@n;@tse-cy;75.0;25.0;540.0
pemiddlehook-cy;Regular;@n;@middlehook-cy;75.0;63.0;853.0
pedescender-cy;Regular;@n;@tse-cy;75.0;25.0;533.0
haabkhasian-cy;Regular;@o;@o;37.0;37.0;654.0
esdescender-cy;Regular;@o;@c;37.0;33.0;486.0
tedescender-cy;Regular;@te-cy;@te-cy;15.0;15.0;406.0
ustrait-cy;Regular;@v;@v;5.0;5.0;453.0
ustraitstroke-cy;Regular;@v;@v;5.0;5.0;453.0
hadescender-cy;Regular;@x;@kadescender-cy;22.0;-16.0;435.0
chedescender-cy;Regular;@che-cy;@tse-cy;40.0;19.0;436.0
cheverticalstroke-cy;Regular;@che-cy;@u;40.0;63.0;424.0
shha-cy;Regular;@h;@n;63.0;63.0;530.0
cheabkhasian-cy;Regular;@cheabkhasian-cy;@e;-10.0;37.0;543.0
palochka-cy;Regular;@i;@i;77.0;77.0;186.0
zhebreve-cy;Regular;@x;@x;5.0;5.0;576.0
chekhakassian-cy;Regular;@che-cy;@u;40.0;79.0;440.0
abreve-cy;Regular;@a;@n;37.0;63.0;574.0
adieresis-cy;Regular;@a;@n;37.0;63.0;574.0
iebreve-cy;Regular;@o;@e;42.0;37.0;499.0
schwa-cy;Regular;@o;@o;37.0;42.0;499.0
zhedieresis-cy;Regular;@x;@x;5.0;5.0;576.0
zedieresis-cy;Regular;@ze-cy;@ve-cy;20.0;40.0;348.0
dzeabkhasian-cy;Regular;@ze-cy;@ve-cy;30.0;40.0;358.0
imacron-cy;Regular;@n;@u;75.0;75.0;533.0
idieresis-cy;Regular;@n;@u;75.0;75.0;533.0
odieresis-cy;Regular;@o;@o;37.0;37.0;550.0
obarred-cy;Regular;@o;@o;37.0;33.0;546.0
umacron-cy;Regular;@v;@v;5.0;5.0;470.0
udieresis-cy;Regular;@v;@v;5.0;5.0;470.0
uhungarumlaut-cy;Regular;@v;@v;5.0;5.0;470.0
chedieresis-cy;Regular;@che-cy;@u;40.0;75.0;436.0
gedescender-cy;Regular;@n;@ge-cy;75.0;10.0;284.0
yerudieresis-cy;Regular;@n;@u;75.0;75.0;497.0
qa-cy;Regular;@o;@q;37.0;63.0;574.0
we-cy;Regular;@v;@v;5.0;5.0;644.0
ve-cy.loclBGR;Regular;@n;@ve-cy;75.0;40.0;484.0
ge-cy.loclBGR;Regular;@s;@s;31.0;30.0;344.0
de-cy.loclBGR;Regular;@o;@g;37.0;63.0;575.0
zhe-cy.loclBGR;Regular;@x;@x;25.0;25.0;616.0
ze-cy.loclBGR;Regular;@ze-cy;@ve-cy;20.0;40.0;400.0
ii-cy.loclBGR;Regular;@u;@u;63.0;63.0;530.0
iishort-cy.loclBGR;Regular;@u;@u;63.0;63.0;530.0
iigrave-cy.loclBGR;Regular;@u;@u;63.0;63.0;530.0
ka-cy.loclBGR;Regular;@h;@k;63.0;10.0;376.0
pe-cy.loclBGR;Regular;@n;@n;63.0;63.0;530.0
te-cy.loclBGR;Regular;@n;@n;63.0;63.0;752.0
che-cy.loclBGR;Regular;@che-cy;@u;40.0;75.0;436.0
tse-cy.loclBGR;Regular;@u;@tse-cy;63.0;14.0;530.0
sha-cy.loclBGR;Regular;@u;@u;63.0;63.0;752.0
shcha-cy.loclBGR;Regular;@u;@tse-cy;63.0;8.0;752.0
softsign-cy.loclBGR;Regular;@u;@softsign-cy;75.0;40.0;443.0
hardsign-cy.loclBGR;Regular;@te-cy;@softsign-cy;25.0;40.0;507.0
iu-cy.loclBGR;Regular;@h;@o;75.0;40.0;736.0
ghestroke-cy.loclBSH;Regular;@n;@ge-cy;75.0;10.0;284.0
zedescender-cy.loclBSH;Regular;@ze-cy;@ze-cy;20.0;50.0;358.0
esdescender-cy.loclBSH;Regular;@o;@c;37.0;33.0;486.0
esdescender-cy.loclCHU;Regular;@o;@c;37.0;26.0;479.0
be-cy.loclSRB;Regular;@o;@o;37.0;37.0;550.0
el-cy.ss01;Regular;@el-cy.ss01;@u;20.0;63.0;431.0
lje-cy.ss01;Regular;@el-cy.ss01;@softsign-cy;20.0;40.0;594.0
el-cy.loclBGR;Regular;@el-cy;@u;10.0;10.0;463.0
en-cy.loclBGR;Regular;@u;@n;75.0;75.0;519.0
gje-cy.loclMKD;Regular;@ge-cy;@n;75.0;-45.0;284.0
ge-cy.loclSRB;Regular;@n;@ge-cy;75.0;10.0;284.0
de-cy.loclSRB;Regular;@de-cy;@tse-cy;23.0;25.0;536.0
pe-cy.loclSRB;Regular;@u;@n;75.0;75.0;512.0
te-cy.loclSRB;Regular;@te-cy;@te-cy;15.0;15.0;406.0
Enghe-cy;Regular;@H;@Ge-cy;75.0;25.0;914.0
enghe-cy;Regular;@n;@ge-cy;75.0;10.0;619.0
Tetse-cy;Regular;@T;@Tse-cy;21.0;25.0;762.0
tetse-cy;Regular;@te-cy;@tse-cy;15.0;25.0;622.0
Aie-cy;Regular;@A;@E;26.0;26.0;693.0
aie-cy;Regular;@a;@e;37.0;37.0;936.0
zero;Regular;@zero;@zero;40.0;40.0;856.0
one;Regular;@one;@one;15.0;75.0;241.0
two;Regular;@two;@two;28.0;48.0;637.0
three;Regular;@three;@three;30.0;45.0;589.0
four;Regular;@four;@four;0.0;15.0;503.0
five;Regular;@five;@five;45.0;45.0;649.0
six;Regular;@six;@six;31.0;33.0;631.0
seven;Regular;@seven;@seven;20.0;20.0;535.0
eight;Regular;@eight;@eight;30.0;30.0;569.0
nine;Regular;@nine;@nine;31.0;33.0;631.0
zero.lf;Regular;@zero;@zero;40.0;40.0;856.0
one.lf;Regular;@one;@one;15.0;75.0;241.0
two.lf;Regular;@two;@two;28.0;48.0;637.0
three.lf;Regular;@three;@three;30.0;45.0;589.0
four.lf;Regular;@four;@four;0.0;15.0;503.0
five.lf;Regular;@five;@five;45.0;45.0;649.0
six.lf;Regular;@six;@six;31.0;33.0;631.0
seven.lf;Regular;@seven;@seven;20.0;20.0;535.0
eight.lf;Regular;@eight;@eight;30.0;30.0;569.0
nine.lf;Regular;@nine;@nine;31.0;33.0;631.0
zero.tf;Regular;@zero.tf;@zero.tf;32.0;32.0;700.0
one.tf;Regular;@one.tf;@one.tf;154.0;89.0;700.0
two.tf;Regular;@two;@two;69.0;70.0;700.0
three.tf;Regular;@three;@three;93.0;93.0;700.0
four.tf;Regular;@four;@four;106.0;106.0;700.0
five.tf;Regular;@five;@five;70.0;71.0;700.0
six.tf;Regular;@six;@six;66.0;67.0;700.0
seven.tf;Regular;@seven;@seven;122.0;83.0;700.0
eight.tf;Regular;@eight;@eight;95.0;96.0;700.0
nine.tf;Regular;@nine;@nine;66.0;67.0;700.0
onesuperior;Regular;@onesuperior;@onesuperior;15.0;75.0;241.0
twosuperior;Regular;@twosuperior;@twosuperior;28.0;48.0;374.0
threesuperior;Regular;@threesuperior;@threesuperior;30.0;45.0;336.0
foursuperior;Regular;@foursuperior;@foursuperior;20.0;15.0;311.0
fraction;Regular;@fraction;@fraction;-150.0;-202.0;150.0
onehalf;Regular;@onesuperior;@onesuperior;15.0;45.0;709.0
onequarter;Regular;@onesuperior;@onesuperior;15.0;15.0;668.0
threequarters;Regular;@threesuperior;@threesuperior;30.0;15.0;763.0
asterisk;Regular;@asterisk;@asterisk;35.0;35.0;313.0
backslash;Regular;@backslash;@backslash;0.0;0.0;596.0
periodcentered;Regular;@period;@period;74.0;68.0;212.0
bullet;Regular;@period;@period;108.0;108.0;315.0
colon;Regular;@period;@period;34.0;35.0;139.0
comma;Regular;@period;@period;34.0;35.0;139.0
ellipsis;Regular;@period;@period;34.0;34.0;438.0
exclam;Regular;@period;@period;50.0;50.0;170.0
exclamdown;Regular;@exclamdown;@exclamdown;50.0;50.0;170.0
numbersign;Regular;@H;@H;15.0;15.0;672.0
period;Regular;@period;@period;34.0;35.0;139.0
question;Regular;@question;@question;45.0;85.0;646.0
questiondown;Regular;@questiondown;@questiondown;45.0;85.0;646.0
quotedbl;Regular;@quotesingle;@quotesingle;70.0;70.0;275.0
quotesingle;Regular;@quotesingle;@quotesingle;75.0;75.0;183.0
semicolon;Regular;@period;@period;34.0;34.0;138.0
slash;Regular;@slash;@slash;0.0;0.0;596.0
underscore;Regular;@underscore;@underscore;25.0;25.0;358.0
periodcentered.loclCAT;Regular;@period;@period;74.0;68.0;212.0
braceleft;Regular;@parenleft;@braceleft;34.0;20.0;257.0
braceright;Regular;@braceright;@parenright;20.0;34.0;257.0
bracketleft;Regular;@parenleft;@bracketleft;72.0;15.0;215.0
bracketright;Regular;@bracketright;@parenright;15.0;70.0;215.0
parenleft;Regular;@parenleft;@parenleft;85.0;25.0;333.0
parenright;Regular;@parenright;@parenright;25.0;85.0;334.0
emdash;Regular;@hyphen;@hyphen;15.0;15.0;494.0
endash;Regular;@hyphen;@hyphen;50.0;50.0;408.0
hyphen;Regular;@hyphen;@hyphen;40.0;40.0;391.0
softhyphen;Regular;@hyphen;@hyphen;0.0;0.0;300.0
guillemetleft;Regular;@guillemetleft;@guillemetleft;63.0;20.0;444.0
guillemetright;Regular;@guillemetright;@guillemetright;20.0;62.0;443.0
guilsinglleft;Regular;@guillemetleft;@guillemetleft;63.0;20.0;313.0
guilsinglright;Regular;@guillemetright;@guillemetright;20.0;62.0;313.0
quotedblbase;Regular;@period;@period;20.0;90.0;329.0
quotedblleft;Regular;@quotedblleft;@quotedblleft;100.0;25.0;344.0
quotedblright;Regular;@quotedblleft;@quotedblleft;25.0;100.0;344.0
quoteleft;Regular;@quotedblleft;@quotedblleft;100.0;25.0;220.0
quoteright;Regular;@quotedblleft;@quotedblleft;25.0;100.0;220.0
quotesinglbase;Regular;@period;@period;20.0;90.0;205.0
space;Regular;@space;@space;0.0;0.0;220.0
nbspace;Regular;@nbspace;@nbspace;0.0;0.0;220.0
.notdef;Regular;@.notdef;@.notdef;50.0;50.0;500.0
cedi;Regular;@O;@C;47.0600013733;62.799987793;691.0
cent;Regular;@o;@c;37.0;26.0;499.0
colonsign;Regular;@O;@C;47.0;32.0;703.0
currency;Regular;@o;@o;50.0;50.0;576.0
dollar;Regular;@S;@S;62.0;27.0;507.0
dong;Regular;@d;@l;40.0;37.0;547.0
euro;Regular;@O;@C;47.0;63.0;703.0
florin;Regular;@f;@f;26.0;26.0;364.0
franc;Regular;@H;@F;24.0;25.0;367.0
guarani;Regular;@O;@C;45.0600013733;69.799987793;696.0
hryvnia;Regular;@hryvnia;@hryvnia;15.0000009537;30.599981308;498.0
kip;Regular;@H;@K;10.0;24.0;587.0
lira;Regular;@sterling;@sterling;20.0;20.0;529.0
liraTurkish;Regular;@L;@L;40.0;21.0;478.0
manat;Regular;@U;@U;80.0;80.0;607.0
naira;Regular;@H;@N;40.0;40.0;757.0
peseta;Regular;@P;@s;78.0;37.0;878.0
peso;Regular;@H;@P;35.0;10.0;445.0
ruble;Regular;@H;@P;25.0;35.0;396.0
rupeeIndian;Regular;@H;@R;70.0;50.0;491.0
sterling;Regular;@sterling;@sterling;20.0;20.0;529.0
tenge;Regular;@T;@T;21.0;21.0;419.0
tugrik;Regular;@T;@T;21.0;19.0;417.0
won;Regular;@V;@V;0.0;0.0;859.0
yen;Regular;@Y;@Y;0.0;0.0;484.0
bulletoperator;Regular;@period;@period;70.0;70.0;350.0
divisionslash;Regular;@slash;@slash;0.0;25.0;513.0
plus;Regular;@plus;@plus;15.0;15.0;341.0
minus;Regular;@plus;@plus;40.0;40.0;391.0
multiply;Regular;@plus;@plus;75.0;75.0;393.0
divide;Regular;@plus;@plus;75.0;75.0;461.0
equal;Regular;@plus;@plus;50.0;50.0;411.0
notequal;Regular;@plus;@plus;50.0;50.0;411.0
greater;Regular;@plus;@plus;75.0;20.0;408.0
less;Regular;@plus;@plus;75.0;20.0;408.0
greaterequal;Regular;@plus;@plus;75.0;75.0;463.0
lessequal;Regular;@plus;@plus;75.0;75.0;463.0
plusminus;Regular;@plus;@plus;70.0;70.0;451.0
approxequal;Regular;@plus;@plus;75.0;75.0;533.0
asciitilde;Regular;@plus;@plus;50.0;50.0;483.0
logicalnot;Regular;@plus;@plus;50.0;50.0;410.0
micro;Regular;@u;@n;75.0;75.0;555.0
percent;Regular;@percent;@percent;20.0;20.0;692.0
perthousand;Regular;@percent;@percent;55.0;50.0;1155.0
at;Regular;@at;@at;50.0;50.0;880.0
ampersand;Regular;@ampersand;@ampersand;35.0;15.0;696.0
paragraph;Regular;@paragraph;@paragraph;75.0;30.0;564.0
section;Regular;@section;@section;50.0;50.0;426.0
copyright;Regular;@o;@o;55.0;55.0;890.0
registered;Regular;@o;@o;55.0;55.0;890.0
trademark;Regular;@trademark;@trademark;35.0;36.0;669.0
degree;Regular;@degree;@degree;20.0;20.0;191.0
bar;Regular;@bar;@bar;75.0;75.0;183.0
brokenbar;Regular;@bar;@bar;90.0;90.0;215.0
dagger;Regular;@dagger;@dagger;75.0;75.0;461.0
daggerdbl;Regular;@dagger;@dagger;75.0;75.0;461.0
numero;Regular;@H;@H;79.0;40.0;1111.0
asciicircum;Regular;@asciicircum;@asciicircum;15.0;15.0;330.0
dieresiscomb;Regular;@dieresiscomb;@dieresiscomb;50.2507972717;48.7552032471;262.0
dotaccentcomb;Regular;@dotaccent;@dotaccent;9.0;9.0;88.0
gravecomb;Regular;@grave;@grave;-67.0;97.0;211.0
acutecomb;Regular;@acute;@acute;68.0;-38.0;211.0
hungarumlautcomb;Regular;@hungarumlaut;@hungarumlaut;15.0;12.0;330.0
caroncomb.alt;Regular;@caroncomb.alt;@caroncomb.alt;90.0;78.0;211.0
circumflexcomb;Regular;@circumflex;@circumflex;50.0;50.0;396.0
caroncomb;Regular;@caron;@caron;18.0;16.0;330.0
brevecomb;Regular;@breve;@breve;14.0;15.0;279.0
ringcomb;Regular;@ring;@ring;15.0;15.0;181.0
tildecomb;Regular;@tilde;@tilde;24.0;12.0;371.0
macroncomb;Regular;@macroncomb;@macroncomb;10.0;10.0;297.0
hookabovecomb;Regular;@hookabovecomb;@hookabovecomb;55.0;55.0;295.0
dblgravecomb;Regular;@grave;@grave;-67.0;-3.0;211.0
breveinvertedcomb;Regular;@breveinvertedcomb;@breveinvertedcomb;15.0;14.0;279.0
commaturnedabovecomb;Regular;@commaturnedabovecomb;@commaturnedabovecomb;50.0;50.0;195.0
horncomb;Regular;@horncomb;@horncomb;50.0;57.0;225.0
dotbelowcomb;Regular;@period;@period;34.0;35.0;139.0
dieresisbelowcomb;Regular;@dieresiscomb;@dieresiscomb;50.2507972717;48.7552032471;262.0
commaaccentcomb;Regular;@commaaccentcomb;@commaaccentcomb;73.0;68.0;211.0
cedillacomb;Regular;@cedilla;@cedilla;55.0;74.9749221802;237.0
ogonekcomb;Regular;@ogonekcomb;@ogonekcomb;12.0;15.0;145.0
brevebelowcomb;Regular;@brevecomb;@breve;14.0;15.0;279.0
macronbelowcomb;Regular;@macroncomb;@macroncomb;10.0;10.0;297.0
strokeshortcomb;Regular;@strokeshortcomb;@strokeshortcomb;50.0;50.0;487.0
hookabovecomb.001;Regular;@hookabovecomb.001;@hookabovecomb.001;55.0;55.0;295.0
commaaccentcomb.alt;Regular;@commaaccentcomb.alt;@commaaccentcomb.alt;0.0;0.0;600.0
dieresiscomb.case;Regular;@dieresiscomb.case;@dieresiscomb.case;43.0;46.0;262.0
gravecomb.case;Regular;@gravecomb.case;@gravecomb.case;50.0;50.0;281.0
acutecomb.case;Regular;@acutecomb.case;@acutecomb.case;50.0;50.0;281.0
hungarumlautcomb.case;Regular;@hungarumlautcomb.case;@hungarumlautcomb.case;50.0;50.0;403.0
macroncomb.case;Regular;@macroncomb.case;@macroncomb.case;30.0;30.0;297.0
commaaccentcomb.case;Regular;@commaaccentcomb;@commaaccentcomb;73.0;68.0;211.0
gravecomb.i.case;Regular;@gravecomb.i.case;@gravecomb.i.case;50.0;50.0;237.0
acutecomb.i.case;Regular;@acutecomb.i.case;@acutecomb.i.case;50.0;94.0;281.0
gravecomb.i;Regular;@gravecomb.i;@gravecomb.i;50.0;50.0;237.0
acutecomb.i;Regular;@acutecomb.i.case;@acutecomb.i.case;50.0;94.0;281.0
circumflexcomb.i;Regular;@circumflexcomb.i;@circumflexcomb.i;70.0;70.0;396.0
caroncomb.i;Regular;@caroncomb.i;@caroncomb.i;38.0;36.0;330.0
brevecomb.i;Regular;@brevecomb.i;@brevecomb.i;55.0;55.0;310.0
tildecomb.i;Regular;@tildecomb.i;@tildecomb.i;24.0;12.0;291.0
macroncomb.i;Regular;@macroncomb.i;@macroncomb.i;50.0;50.0;297.0
dblgravecomb.i;Regular;@dblgravecomb.i;@dblgravecomb.i;-28.0;-3.0;211.0
breveinvertedcomb.i;Regular;@breveinvertedcomb.i;@breveinvertedcomb.i;50.0;50.0;310.0
apostrophemod;Regular;@apostrophemod;@apostrophemod;50.0;54.0;195.0
firsttonechinese;Regular;@macroncomb;@macroncomb;10.0;10.0;297.0
acute;Regular;@acute;@acute;15.0;15.0;211.0
breve;Regular;@breve;@breve;14.0;15.0;279.0
caron;Regular;@caron;@caron;18.0;16.0;330.0
cedilla;Regular;@cedilla;@cedilla;15.0;7.0;142.0
circumflex;Regular;@circumflex;@circumflex;18.0;16.0;330.0
dieresis;Regular;@dieresis;@dieresis;15.0;15.0;192.0
dotaccent;Regular;@dotaccent;@dotaccent;9.0;9.0;88.0
grave;Regular;@grave;@grave;15.0;15.0;211.0
hungarumlaut;Regular;@hungarumlaut;@hungarumlaut;15.0;12.0;330.0
macron;Regular;@macron;@macron;75.0;69.0;341.0
ogonek;Regular;@ogonekcomb;@ogonekcomb;12.0;470.0;600.0
ring;Regular;@ring;@ring;15.0;15.0;181.0
tilde;Regular;@tilde;@tilde;24.0;12.0;371.0
brevecomb-cy;Regular;@brevecomb-cy;@brevecomb-cy;30.0;30.0;349.0
brevecomb-cy.case;Regular;@brevecomb-cy.case;@brevecomb-cy.case;30.0;30.0;349.0
descender-cy;Regular;@descender-cy;@descender-cy;0.0;25.0;96.0
descender-cy.case;Regular;@descender-cy.case;@descender-cy.case;0.0;25.0;102.0
brevecomb_acutecomb;Regular;@brevecomb;@breve;50.0;50.0;350.0
brevecomb_gravecomb;Regular;@brevecomb;@breve;50.0;50.0;350.0
brevecomb_hookabovecomb;Regular;@brevecomb;@breve;14.0;336.0;600.0
brevecomb_tildecomb;Regular;@brevecomb;@breve;50.0;50.0;355.0
circumflexcomb_acutecomb;Regular;@circumflex;@acute;40.0;89.0;469.0
circumflexcomb_gravecomb;Regular;@circumflex;@grave;12.0;70.0;421.0
circumflexcomb_hookabovecomb;Regular;@circumflex;@hookabovecomb;70.0;-3.0;396.0
circumflexcomb_tildecomb;Regular;@circumflexcomb.i;@circumflexcomb.i;69.0;70.0;396.0
brevecomb_hookabovecomb.001;Regular;@brevecomb;@breve;14.0;336.0;600.0
circumflexcomb_hookabovecomb.001;Regular;@circumflex;@hookabovecomb.001;70.0;-3.0;396.0
